<?xml version="1.0" encoding="utf-8"?>
<!--Created using XmlSitemapGenerator.org - Free HTML, RSS and XML sitemap generator-->
<rss version="2.0">
  <channel>
    <title>0+</title>
    <link>http://abhibolega.github.io</link>
    <description />
    <item>
      <guid>http://abhibolega.github.io/</guid>
      <title>0+</title>
      <link>http://abhibolega.github.io/</link>
      <description>Hey There! I am an Engineer. I did my schooling from Patna, India, and graduation from Patiala, India. My current fields of interest are Alternate Fuels and Different aspects of Cryptocurrency. </description>
    </item>
    <item>
      <guid>http://abhibolega.github.io/synopsis.pdf</guid>
      <title>synopsis.pdf</title>
      <link>http://abhibolega.github.io/synopsis.pdf</link>
      <description />
    </item>
    <item>
      <guid>http://abhibolega.github.io/abhinav_resume.pdf</guid>
      <title>abhinav_resume.pdf</title>
      <link>http://abhibolega.github.io/abhinav_resume.pdf</link>
      <description />
    </item>
    <item>
      <guid>http://abhibolega.github.io/hydrocracking_report_abhinavmishra.pdf</guid>
      <title>hydrocracking_report_abhinavmishra.pdf</title>
      <link>http://abhibolega.github.io/hydrocracking_report_abhinavmishra.pdf</link>
      <description />
    </item>
  </channel>
</rss>
<!--<guid value="a563fbd0-7681-45b8-a5b4-6b055e4fb3d0" />-->
<!--Created using XmlSitemapGenerator.org - Free HTML, RSS and XML sitemap generator-->